Component,Difumo_names,Yeo_networks7,Yeo_networks17,GM,WM,CSF
1,Superior occipital sulcus inferior LH,DorsAttnB,DorsAttnA,0.575880204048519,0.346929160668202,0.077030615468404
2,Superior occipital gyrus ,VisCent,VisCent,0.472506536319639,0.495570263438484,0.031931908059592
3,Insula antero-inferior,SalVentAttnA,SalVentAttnA,0.720733158038355,0.054171998907319,0.225070424257053
4,Middle frontal gyrus middle RH,ContA,SalVentAttnB,0.643418730456513,0.245515795486429,0.068014269704251
5,Calcarine cortex posterior LH,VisCent,VisCent,0.553855657557484,0.41481505452939,0.031008928025195
6,Lateral fissure posterior ramus RH,SalVentAttnA,SalVentAttnA,0.452173117843699,0.511383636503463,0.036402382058777
7,Superior occipital gyrus superior LH,DorsAttnB,DorsAttnA,0.306230862171466,0.6486223367645,0.044662028572576
8,Angular gyrus inferior LH,SalVentAttnA,TempPar,0.727386806558866,0.199754033618021,0.072504451984599
9,Calcarine sulcus anterior LH,VisCent,VisPeri,0.622813828122178,0.325256655315078,0.051944417791889
10,Frontal pole inferior RH,ContA,ContB,0.661148397837682,0.194421023239661,0.095687053436991
11,Midbrain superior,No network found,No network found,0.671035561002407,0.159968349382827,0.166200083768495
12,Occipitotemporal gyrus mid-posterior RH,VisCent,DorsAttnA,0.722065697454302,0.236968357297767,0.040886573236774
13,Insula postero-inferior medial,SomMotA,SomMotB,0.66864983809933,0.307668693065661,0.023684974804953
14,Cerebellum VI RH,No network found,No network found,0.596015348118724,0.396682032529091,0.007307209096944
15,Fusiform gyrus anterior LH,VisCent,DorsAttnA,0.830749839182203,0.059461896485555,0.109786969321832
16,Cerebellum Crus I anterior RH,No network found,No network found,0.597377079605554,0.370113979477494,0.030346592234981
17,Supramarginal gyrus antero-superior LH,DorsAttnB,DorsAttnB,0.494749561135553,0.457885496749774,0.045460359043571
18,Angular sulcus superior LH,DefaultB,DefaultB,0.559949201982702,0.391082509745699,0.040272584816252
19,Paracingulate sulcus LH,ContA,SalVentAttnB,0.456236920135349,0.520651682442376,0.023111699089561
20,Superior frontal gyrus superior,SalVentAttnA,SomMotA,0.592332496317402,0.283522637782431,0.103399448356915
21,Pars triangularis LH,DefaultB,DefaultB,0.655862037032123,0.07753695035357,0.139295998023208
22,Superior longitudinal fasciculus II LH,No network found,No network found,0.032083448176613,0.967199838191864,0.000715201395905
23,Corona radiata antero-superior,No network found,No network found,0.019588900026958,0.979745384760358,0.000686318769866
24,Dorsomedial prefrontal cortex antero-superior LH,DefaultB,DefaultB,0.640048273208479,0.229680641642544,0.105655436527581
25,Superior longitudinal fasciculus III anterior LH,No network found,No network found,0.042096041290059,0.957843369295458,4.96042499278749E-05
26,Cuneus antero-inferior,VisCent,VisPeri,0.611854398637402,0.288172328984372,0.09998246719292
27,Anterior vertical ramus of the lateral fissure LH,DefaultB,DefaultB,0.663490619703049,0.261661675925344,0.073778579469756
28,Corpus callosum isthmus anterior,No network found,No network found,0.193872688657165,0.421464624796369,0.384676340635809
29,Internal capsule posterior limb RH,No network found,No network found,0.247868555567805,0.749999698667852,0.002128016393117
30,Cingulate gyrus middle inferior,ContA,ContC,0.613005095699819,0.290752910319891,0.096239725498374
31,Caudate RH,No network found,No network found,0.578796165616333,0.409584503147003,0.011633349542918
32,Superior frontal sulcus anterior RH,ContA,ContB,0.468779703506834,0.496426922559884,0.033598630264769
33,Pars orbitalis RH,DefaultB,DefaultB,0.655764397728924,0.275065854195963,0.053825159846905
34,Cerebellum VIIb,No network found,No network found,0.781835484817478,0.114307575763145,0.098836578236808
35,Intraparietal sulcus anterior LH,DorsAttnB,DorsAttnB,0.560249093901484,0.152479694776559,0.211712087984539
36,Superior longitudinal fasciculus I posterior RH,No network found,No network found,0.030552202905821,0.969327052798258,0.00012588952134
37,Superior longitudinal fasciculus II middle RH,No network found,No network found,0.018125400216716,0.981858051949223,1.35372652184779E-05
38,Angular gyrus postero-inferior RH,DefaultB,DefaultC,0.716772083390806,0.208349471056384,0.074771119857161
39,Cerebrospinal fluid (between middle frontal gyrus and skull),DefaultB,DefaultB,0.401517489436016,0.016921211701708,0.114356378327112
40,Cerebellum III anterior,LimbicA,DefaultC,0.498736098129503,0.132502712499279,0.313075873204501
41,Central sulcus middle RH,SomMotA,SomMotA,0.509983044827729,0.34612212451355,0.142123435348433
42,Cerebrospinal fluid (between interhemispheric fissure and superior frontal gyrus superio ),SalVentAttnA,SalVentAttnA,0.443981589775502,0.034462534265979,0.21873230653495
43,Superior frontal gyrus superior RH,DefaultB,DefaultB,0.659105575272927,0.268342522738459,0.061915794442372
44,Frontal pole superior RH,DefaultB,DefaultA,0.529705763986234,0.091767189169963,0.095294292693146
45,Postcentral sulcus LH,DorsAttnB,DorsAttnB,0.655613934723604,0.253170918348794,0.091178842016689
46,Frontomarginal gyrus,DefaultB,DefaultA,0.44960531442411,0.514653436599788,0.032644028942126
47,Paracingulate sulcus posterior RH,SalVentAttnA,SalVentAttnA,0.62535202463056,0.157670597657821,0.2167213686836
48,Middle frontal gyrus mid-anterior LH,ContA,SalVentAttnB,0.635662245410684,0.144922236933976,0.095630410147464
49,Middle frontal gyrus posterior lateral RH,ContA,ContB,0.56587358378316,0.2239921139078,0.105685969427972
50,Intraparietal sulcus superior LH,ContA,ContB,0.473332145564607,0.077996235550478,0.223384856167055
51,Ventromedial prefrontal cortex,DefaultB,DefaultA,0.736777447543578,0.122046732757997,0.141181984773078
52,Lingual gyrus posterior,VisCent,VisCent,0.686312323970379,0.14343639090082,0.149460501129219
53,Insula antero-superior RH,SalVentAttnA,SalVentAttnA,0.78074355627794,0.089289091839243,0.12946566920856
54,Caudate superior,No network found,No network found,0.260873518766047,0.684551547662307,0.054563935649294
55,Parieto-occipital sulcus mid-posterior,ContA,ContC,0.517021904780616,0.41141313100277,0.07152274763697
56,Globus pallidus anterior,No network found,SalVentAttnB,0.487870073813628,0.511397716068476,0.000732913096204
57,Superior longitudinal fasciculus I anterior LH,No network found,No network found,0.043086854039612,0.956668648793135,0.000252436497767
58,Superior longitudinal fasciculus I anterior RH,No network found,No network found,0.025692012447293,0.974205723879557,9.74512606581385E-05
59,Precentral sulcus mid-inferior LH,DorsAttnB,ContA,0.660247762554362,0.263557722413567,0.075350134371111
60,Cerebellum VI superior medial,No network found,No network found,0.821612745899219,0.020712591638303,0.152959676962692
61,Postcentral sulcus inferior RH,DorsAttnB,DorsAttnB,0.329287471186857,0.653727224159537,0.016968066021335
62,Cuneus middle posterior RH,VisCent,VisPeri,0.479114605274806,0.456160883451592,0.062404865909595
63,Cerebrospinal fluid (between middle frontal gyrus superior and skull LH),DefaultB,ContB,0.539266980449119,0.048796793486655,0.143612240232782
64,Paracingulate gyrus posterior LH,SomMotA,SomMotA,0.633962149354026,0.241173420483716,0.124873362501505
65,Precentral gyrus mid-superior ,SomMotA,DorsAttnB,0.464979086341916,0.080382549442312,0.193265161803024
66,Superior temporal gyrus mid-anterior LH,DefaultB,TempPar,0.797321850918149,0.089637930242816,0.108515935450005
67,Fusiform gyrus anterior,VisCent,DefaultC,0.788815608583646,0.144645125292875,0.066550640670038
68,Superior frontal gyrus medial anterior,DefaultB,DefaultA,0.666300245895942,0.096696209639528,0.229399290876764
69,Superior frontal gyrus mid-posterior ,ContA,SalVentAttnB,0.537307017107775,0.412071667273419,0.04557738607386
70,Cerebellum IX,No network found,No network found,0.723533867039055,0.188568602291995,0.087908178331731
71,Thalamus posterior,No network found,No network found,0.736321992690553,0.259094425665986,0.004576952894171
72,Globus pallidus RH,No network found,No network found,0.16107474348773,0.838355039335477,0.000577517354543
73,Postcentral sulcus RH,SomMotA,SomMotA,0.462255552615877,0.464206743187929,0.071026019159648
74,Thalamus superior,No network found,No network found,0.525033424300385,0.474915902139331,6.08076743297153E-05
75,Superior occipital sulcus superior LH,DorsAttnB,DorsAttnA,0.537839875077713,0.320162756648855,0.133609391008151
76,Supramarginal gyrus posterior LH,ContA,SalVentAttnB,0.622492607510455,0.22594515608258,0.087835167065004
77,Gyrus rectus,LimbicA,LimbicB,0.580008258033027,0.297691083157045,0.12201285376026
78,Anterior occipital sulcus RH,VisCent,VisCent,0.636495914486862,0.328158655692209,0.035159848417136
79,Lateral fissure anterior,SalVentAttnA,TempPar,0.567162503159875,0.020140669844498,0.346891756525572
80,Corona radiata posterior LH,No network found,No network found,0.016688984507519,0.983266103040518,3.05327810533688E-05
81,Cerebellum V anterior,VisCent,DefaultC,0.840033957149558,0.01174487329306,0.148230107438396
82,Parieto-occipital sulcus mid-anterior,VisCent,DefaultC,0.775895562076022,0.121462842711776,0.102652390568266
83,Hippocampus anterior,No network found,No network found,0.749665284199179,0.130729133379388,0.119616404096163
84,Superior frontal gyrus mid-anterior LH,DefaultB,DefaultB,0.558752335411621,0.387134455443979,0.050689265827728
85,Cerebellum Crus II anterior LH,No network found,No network found,0.711262947345073,0.258648648677114,0.029549040820857
86,Intraparietal sulcus middle RH,DorsAttnB,ContA,0.57644686377464,0.360686624145825,0.062805501331132
87,Parieto-occipital sulcus posterior lateral,VisCent,VisPeri,0.405713396093789,0.543828741014267,0.046546050312409
88,Occipital pole LH,VisCent,VisCent,0.489877413258765,0.433708556734441,0.059249044078355
89,Corticospinal tract superior,No network found,No network found,0.014549358394289,0.98544954951754,4.30659972266128E-06
90,Cingulate gyrus middle superior,SalVentAttnA,SalVentAttnA,0.749980965121939,0.026498029012014,0.223525014563056
91,Parieto-occipital sulcus anterior,DefaultB,DefaultC,0.611236435269546,0.354115638494259,0.034635665245882
92,Cererbrospinal fluid (between callosomarginal sulcus and skull LH),DorsAttnB,DorsAttnB,0.460838871822235,0.086070557817439,0.254005733410115
93,Occipitotemporal gyrus posterior RH,DorsAttnB,DorsAttnA,0.625174391238261,0.347182661502376,0.027624149521841
94,Insula postero-superior lateral LH,SomMotA,SomMotB,0.721810919424255,0.2140644692213,0.06413762781068
95,Superior frontal gyrus posterior LH,DorsAttnB,DorsAttnB,0.582642877022751,0.171111176937155,0.180730983260902
96,Inferior frontal sulcus middle RH,ContA,ContA,0.644326033583015,0.268616092059536,0.073188347463308
97,Postcentral gyrus middle LH,SomMotA,SomMotA,0.536902878071657,0.193470987975684,0.170537405043177
98,Arcuate fasciculus postero-inferior LH,No network found,SomMotB,0.060460564213878,0.939039402982589,0.000507045612642
99,Angular gyrus anterior RH,SalVentAttnA,SalVentAttnB,0.620165076159306,0.209108850397475,0.088601139150565
100,Angular sulcus inferior RH,DefaultB,DefaultA,0.529492583247537,0.429839955023594,0.039116299055543
101,Temporal pole LH,DefaultB,DefaultB,0.789354152015963,0.11872075360757,0.073152401292209
102,Paracentral lobule inferior LH,SomMotA,SomMotA,0.625314369345294,0.170764620098874,0.203931934522659
103,Precentral sulcus medial,SomMotA,SomMotA,0.602816164835772,0.165753401666735,0.230163754367686
104,Dorsomedial prefrontal cortex LH,DefaultB,DefaultB,0.622845274050748,0.173266112611214,0.201657318567461
105,Amygdala inferior,No network found,LimbicA,0.916411556507508,0.026621188295075,0.056828349508435
106,Perirhinal cortex,LimbicA,LimbicA,0.607432395521683,0.354085466349818,0.038457719954349
107,Cuneus middle,VisCent,VisPeri,0.675588927839967,0.214946410962656,0.109466266522554
108,Callosomarginal sulcus middle,SomMotA,SomMotA,0.280221081832434,0.704689843189366,0.015093566949867
109,Lunate sulcus RH,VisCent,VisCent,0.473091865520703,0.492074190794542,0.034235565213753
110,Putamen superior,No network found,No network found,0.106487034156852,0.893506685055547,1.278356933554E-05
111,Putamen LH,No network found,No network found,0.43448839577428,0.565484839628062,2.37513550166598E-05
112,Frontal pole,DefaultB,DefaultA,0.453391922473043,0.043064315440109,0.124133939786297
113,Forceps minor,No network found,No network found,0.004884798768165,0.995081630222147,2.95796775603897E-05
114,Superior temporal gyrus medial anterior,LimbicA,LimbicA,0.624822516396005,0.03936612758316,0.333258964066107
115,Middle frontal gyrus anterior RH,ContA,SalVentAttnB,0.658487409524387,0.216017753780917,0.094186596753185
116,Planum polare superior,SalVentAttnA,SomMotB,0.644296994758842,0.025917270032689,0.32979564364885
117,Dorsomedial prefrontal cortex posterior,ContA,ContB,0.679837560666681,0.03325999054074,0.286467034756609
118,Superior frontal gyrus postero-superior LH,SalVentAttnA,SalVentAttnB,0.637763713024938,0.136018207341505,0.104922519441629
119,Supramarginal gyrus postero-superior RH,ContA,ContB,0.503873107503484,0.442755337410078,0.045479808494176
120,Amygdala,No network found,No network found,0.768932801017508,0.096506549796067,0.134551895168298
121,Cerebellum VI medial RH,No network found,No network found,0.905453887215905,0.070978712126264,0.023569617993284
122,Lingual gyrus medial,VisCent,VisPeri,0.695510114340649,0.071360516167436,0.233127436067357
123,Cuneus anterior RH,VisCent,VisPeri,0.471080357891379,0.483247035886336,0.045675666358412
124,Superior frontal sulcus middle LH,DefaultB,DefaultA,0.62283810169479,0.269168553635538,0.106088001820387
125,Cerebellum IX inferior,No network found,No network found,0.576667993212276,0.359399909348148,0.063927541606261
126,Cingulum anterior,No network found,SalVentAttnB,0.142103072606952,0.856511393758646,0.00138689906377
127,Inferior temporal sulcus mid-posterior RH,DorsAttnB,ContA,0.708457861687397,0.255125417234595,0.034891920718583
128,Cerebellum VI superior LH,No network found,VisPeri,0.832012316375644,0.014243832404167,0.153622612013253
129,Optic radiation LH,No network found,No network found,0.041821495158168,0.958049538955056,0.000133167267411
130,Corpus callosum genu inferior,No network found,No network found,0.319354966081096,0.423883712651351,0.256768459309649
131,Precuneus mid-superior LH,DorsAttnB,ContC,0.61225392595613,0.279596225225135,0.107521593150367
132,Postcentral gyrus mid-inferior,SomMotA,SomMotB,0.598812665052495,0.222197839745425,0.102274193969935
133,Inferior frontal sulcus posterior LH,ContA,ContA,0.389846024950976,0.59368092978777,0.016384807066097
134,Lateral occipital cortex posterior LH,VisCent,VisCent,0.648457869537883,0.157302442638321,0.140446601826831
135,Angular gyrus mid-posterior RH,DefaultB,DefaultA,0.616136032392014,0.321525634859176,0.050216795740266
136,Temporal pole,LimbicA,LimbicA,0.724868017258136,0.227228790735593,0.045657889954756
137,Cerebellum Crus II posterior LH,No network found,No network found,0.821402466931635,0.126152324570542,0.050394774778219
138,Superior temporal sulcus posterior LH,DorsAttnB,DorsAttnA,0.390920887132329,0.591774869984605,0.017301299715129
139,Cerebrospinal fluid (between superior precentral gyrus and skull),SomMotA,SomMotA,0.484140425409685,0.328254310761731,0.128389609082878
140,Lunate sulcus LH,VisCent,VisCent,0.498083551836129,0.468896952600258,0.032781001392985
141,Cerebellum Crus I medial RH,No network found,No network found,0.844054173905993,0.121607787589988,0.034089634749971
142,Posterior cingulate cortex LH,DefaultB,DefaultA,0.713457440766626,0.198045985910651,0.088497432907225
143,Precuneus anterior,SalVentAttnA,SalVentAttnA,0.646250190727223,0.115127593524519,0.238635091872684
144,Intraparietal sulcus middle LH,DorsAttnB,ContA,0.560574818647171,0.313107364723126,0.125153880662554
145,Lingual gyrus middle,VisCent,VisPeri,0.731645552067325,0.093001611848694,0.175354528033098
146,Superior temporal gyrus posterior RH,SalVentAttnA,TempPar,0.597701786576448,0.340359592518921,0.052556852248228
147,Lateral orbital cortex,DefaultB,DefaultB,0.803315378551569,0.124500343554832,0.060642483000626
148,Pons antero-superior,No network found,No network found,0.413944410050106,0.310645207815288,0.16770109750759
149,Middle frontal sulcus anterior,SalVentAttnA,SalVentAttnB,0.217757472675127,0.7783800356643,0.003871643950896
150,Occipital pole superior LH,VisCent,VisCent,0.518282064202055,0.418566204479016,0.060133774366998
151,Lingual gyrus mid-posterior LH,VisCent,VisCent,0.549069953564378,0.420691436868871,0.030235156101684
152,Posterior cingulate cortex superior,DefaultB,ContC,0.743123989969517,0.097924279313304,0.158968302720615
153,Inferior frontal sulcus posterior RH,ContA,ContA,0.632251079588246,0.30416414996509,0.063112486505175
154,Cerebrospinal fluid (between angular gyrus and skull LH),DefaultB,DefaultA,0.518680192825402,0.03725500995311,0.185276209601963
155,Intraparietal sulcus mid-anterior LH,ContA,ContA,0.515276946532107,0.440427281017783,0.044295404003337
156,Arcuate fasciculus postero-inferior RH,No network found,TempPar,0.221291963409227,0.774072280918729,0.00462776519463
157,Frontal pole lateral RH,ContA,ContB,0.55241669975694,0.071978584912322,0.122404457813269
158,Cerebellum VIIIb inferior ,No network found,No network found,0.870803491775441,0.108935418260688,0.018819098252399
159,Parieto-occipital sulcus middle superior LH,VisCent,ContC,0.68899646229311,0.206042525728599,0.104944590959008
160,Anterior rami of the lateral fissure RH,SalVentAttnA,SalVentAttnB,0.640547453087034,0.277084040227952,0.080721589911503
161,Cingulate gyrus mid-posterior ,SalVentAttnA,SalVentAttnA,0.794944015041969,0.062322980608068,0.142738430864117
162,Superior frontal sulcus posterior LH,DorsAttnB,ContA,0.574393658433819,0.358879795507455,0.065979252797042
163,Superior longitudinal fasciculus I posterior LH,DorsAttnB,DorsAttnB,0.286586322174713,0.686925397341042,0.026468838978965
164,Cerebellum IV inferior,No network found,No network found,0.695116647002333,0.274991158800313,0.029905629413305
165,Corona radiata superior,No network found,No network found,0.010958003942968,0.989032776969278,1.00608138693925E-05
166,Insula postero-superior lateral,SomMotA,SomMotB,0.771019483100782,0.033857556069575,0.195129308972267
167,Middle frontal gyrus posterior LH,DefaultB,DefaultB,0.597052185971584,0.312967770478974,0.07835063473003
168,Third ventricle,No network found,No network found,0.468140072821079,0.199944397617515,0.331917237158156
169,Precentral gyrus middle LH,DorsAttnB,DorsAttnB,0.510199511110871,0.43220302532814,0.052996151096483
170,Callosal sulcus posterior,ContA,ContC,0.539374035082207,0.383349774511955,0.077281114565276
171,Angular gyrus superior LH,DefaultB,DefaultA,0.548672909255702,0.395622028227676,0.049236802855243
172,Superior occipital gyrus LH,VisCent,DorsAttnA,0.62163428340284,0.242558571701146,0.123999108865628
173,Superior longitudinal fasciculus II posterior RH,No network found,ContA,0.182129711659583,0.813457098218251,0.004411705265022
174,Superior frontal gyrus anterior,DefaultB,DefaultB,0.365141095713463,0.606505776214761,0.027730490101745
175,Cuneus posterior RH,VisCent,VisCent,0.394531073984052,0.577161308777273,0.028292585980342
176,Superior parts of central and postcentral sulci ,SomMotA,SomMotA,0.469438640814286,0.331313431380329,0.184870181588832
177,Calcarine sulcus mid-anterior,VisCent,VisPeri,0.500559020978929,0.397775258472873,0.101659855535355
178,Middle temporal gyrus medial LH,SalVentAttnA,SalVentAttnA,0.372035050785688,0.607886702143549,0.020071391398587
179,Occipital pole lateral LH,VisCent,VisCent,0.52937919778319,0.340603593753908,0.109710782230861
180,Fusiform gyrus middle superior RH,VisCent,VisCent,0.550233750172167,0.421681303760984,0.028086024423513
181,Cerebrospinal fluid (between superior parietal lobule and skull RH),SomMotA,DorsAttnB,0.34161918827556,0.071999056280128,0.159623810001413
182,Cerebrospinal fluid (between superior frontal gyrus and skull),DefaultB,DefaultB,0.441650061504412,0.011121630969258,0.170268941121984
183,Planum temporale,SomMotA,SomMotB,0.404318738091977,0.581293677141125,0.014397546946702
184,Subcentral gyrus RH,SomMotA,SomMotB,0.615896011603232,0.116821247130187,0.116896325246588
185,Middle frontal sulcus anterior LH,SalVentAttnA,SalVentAttnB,0.63743529701664,0.258905134656873,0.082477740466654
186,Anterior cingulate cortex,DefaultB,DefaultA,0.74005466488442,0.109201071989591,0.150744499215449
187,Inferior occipital gyrus,VisCent,VisCent,0.775145989049565,0.130783075018658,0.080130211373579
188,Cerebrospinal fluid (between superior frontal gyrus lateral RH and skull),DefaultB,DefaultA,0.463938488411975,0.020683331043293,0.121532554847251
189,Arcuate fasciculus postero-superior,SalVentAttnA,SalVentAttnA,0.424863731158951,0.544655548831015,0.030483019792244
190,Superior frontal sulcus anterior LH,SalVentAttnA,SalVentAttnB,0.602736471711545,0.322443878278929,0.071926145353031
191,Cingulum middle,SalVentAttnA,SalVentAttnA,0.201127985941445,0.797623097346181,0.001266023461272
192,Frontal pole medial,DefaultB,DefaultA,0.604873962617502,0.216889863476378,0.148100323545373
193,Supramarginal gyrus inferior LH,SalVentAttnA,SalVentAttnA,0.66223368618659,0.166279254772591,0.10420101655514
194,Cerebrospinal fluid (between superior cerebellum and limbic lobe),VisCent,VisPeri,0.31154830370852,0.034641434306339,0.653821166230834
195,Occipital pole,VisCent,VisCent,0.519313930756332,0.365377043726594,0.083103455287377
196,Angular gyrus anterior LH,SalVentAttnA,SalVentAttnA,0.608750317255681,0.313876368637715,0.074317906773025
197,Corpus callosum genu,DefaultB,DefaultA,0.386412792827743,0.584181497197847,0.029422965101368
198,Cerebellum VI antero-inferior LH,No network found,No network found,0.625185348250701,0.275201417924349,0.081351968292696
199,Precentral gyrus superior RH,SomMotA,SomMotA,0.473325316247799,0.455738723905649,0.067106391001282
200,Occipital pole superior,VisCent,VisCent,0.534742718971848,0.251047400025426,0.143396792140851
201,Precentral sulcus mid-superior LH,DorsAttnB,DorsAttnB,0.560423348548173,0.398230294893162,0.04124695797241
202,Superior occipito-frontal fasciculus middle,No network found,No network found,0.377339926315668,0.45074623550507,0.171919021754634
203,Middle frontal gyrus mid-posterior RH,ContA,ContB,0.591183059998569,0.312574872588712,0.074815641912351
204,Pons,No network found,No network found,0.505629222855057,0.494302087609625,5.6909800424124E-05
205,Middle frontal gyrus anterior lateral RH,ContA,SalVentAttnB,0.630223317021963,0.312823069021603,0.04839119537417
206,Postcentral sulcus superior RH,DorsAttnB,DorsAttnB,0.545027975696016,0.372182162789516,0.082651428363797
207,Superior temporal sulcus posterior RH,SalVentAttnA,TempPar,0.67475822676165,0.271988041387329,0.05313351583945
208,Corpus callosum genu superior,No network found,No network found,0.194483986676321,0.480849205966454,0.324668485222088
209,Fourth ventricle,No network found,No network found,0.479753074570339,0.170565697940751,0.349684424304448
210,Calcarine sulcus middle,No network found,No network found,0.156489832080833,0.802321539893059,0.041188730653753
211,Postcentral sulcus superior LH,SomMotA,SomMotA,0.458510408690329,0.465266242551213,0.076051744766863
212,Precentral gyrus superior LH,SomMotA,DorsAttnB,0.457254876309649,0.481489922137575,0.058400840851261
213,Precentral sulcus mid-superior RH,DorsAttnB,DorsAttnB,0.505970598193151,0.45588061194568,0.036175893920753
214,Intraparietal sulcus anterior RH,ContA,ContA,0.620849634892963,0.178271975402055,0.183721515373353
215,Superior temporal gyrus medial anterior RH,SalVentAttnA,SalVentAttnA,0.542585027774851,0.408834461895114,0.048575288021554
216,Precuneus postero-inferior RH,DefaultB,ContC,0.538207460138357,0.420305447812726,0.041492176078098
217,Parieto-occipital sulcus postero-superior ,VisCent,VisPeri,0.600722829740441,0.188189642279039,0.197963832349938
218,Cerebellum III inferior,No network found,No network found,0.781618545697665,0.176988510568417,0.041388109216237
219,Superior parietal lobule medial RH,DorsAttnB,DorsAttnA,0.4238261722287,0.503108215146498,0.068983569920761
220,Anterior cingulate cortex superior,SalVentAttnA,SalVentAttnB,0.77714242701192,0.04097685727183,0.181873645547863
221,Middle frontal gyrus postero-inferior LH,ContA,ContA,0.573345640405028,0.358578282986505,0.066708607711783
222,Inferior longitudinal fasciculus,No network found,No network found,0.035695781685588,0.961498949757274,0.002789433374916
223,Cingulate sulcus middle,SalVentAttnA,SalVentAttnB,0.725152466175605,0.127769975232623,0.147081697041127
224,Subthalamic nuclei,No network found,No network found,0.333150441106935,0.648127570860444,0.018712905097513
225,Caudate inferior,No network found,No network found,0.624429116456672,0.104595209389471,0.270988856480082
226,Parietal operculum posterior RH,SomMotA,SomMotB,0.754621263598049,0.129452341685097,0.115936499971653
227,Collateral sulcus posterior RH,VisCent,VisCent,0.338968214996026,0.65170938577363,0.009329779734418
228,Cuneus postero-superior,VisCent,VisPeri,0.567487770492458,0.162756865440122,0.16552664696281
229,Paracentral sulcus,SomMotA,SomMotA,0.252404883840372,0.738175251129407,0.009388092770213
230,Middle temporal gyrus middle posterior LH,DefaultB,DefaultB,0.62515098791806,0.34356642544909,0.029371857953015
231,Inferior temporal sulcus posterior LH,DorsAttnB,DorsAttnA,0.637512946123554,0.332299988848337,0.030155777365758
232,Occipital pole lateral RH,VisCent,VisCent,0.58062768326018,0.379916011490927,0.037452931914393
233,Medulla oblongata,No network found,No network found,0.525507911650793,0.398753241684648,0.04388777762429
234,Cerebellum Crus II posterior,No network found,No network found,0.82544644102786,0.1423499481245,0.028856383922989
235,Superior temporal sulcus middle-superior RH,SomMotA,TempPar,0.640539215910861,0.306527428478752,0.052754168086007
236,Anterior limb of internal capsule,No network found,No network found,0.753061703852682,0.240068754699139,0.00686761014688
237,Middle temporal gyrus mid-posterior RH,SalVentAttnA,TempPar,0.76692350781983,0.144863194795072,0.079338543849692
238,Lateral occipital cortex superior LH,DorsAttnB,DefaultC,0.58319268445777,0.176887106184162,0.146919957490471
239,Pars triangularis RH,ContA,DefaultB,0.597922121159357,0.153743624714654,0.108418502024702
240,Cuneus superior ,VisCent,VisPeri,0.63390096173426,0.236501540108293,0.127770179339483
241,Superior parietal lobule postero-inferior posterior,DorsAttnB,ContC,0.441589393121539,0.484346496887512,0.073319612091381
242,Superior parietal sulcus LH,DorsAttnB,DorsAttnA,0.466008600586465,0.444014064643766,0.085146091765368
243,Middle temporal gyrus posterior LH,DorsAttnB,DorsAttnB,0.681285924587224,0.095887092259458,0.149399748882806
244,Precuneus antero-inferior,SalVentAttnA,ContC,0.601903391487785,0.339303960480741,0.058801455647195
245,Cerebrospinal fluid (between middle frontal gyrus posterior and skull RH),ContA,ContB,0.524480818814975,0.053683107430053,0.149132815730293
246,Superior occipital sulcus middle RH,DorsAttnB,ContA,0.534883963450991,0.386168535318156,0.074577752375226
247,Supramarginal gyrus anterior RH,DorsAttnB,DorsAttnB,0.644511080089771,0.222755773233637,0.109897077154197
248,Posterior cingulate cortex inferior,DefaultB,DefaultA,0.760719880146487,0.073853353906607,0.165430988447674
249,Lateral fissure anterior LH,SalVentAttnA,SalVentAttnB,0.768793825205905,0.035374383407755,0.192369147675243
250,Retrosplenial cortex superior,DefaultB,DefaultC,0.520055793231218,0.237543510409259,0.242385108449744
251,Middle frontal gyrus mid-posterior LH,DefaultB,DefaultB,0.564606543418618,0.359861499174792,0.062663220557629
252,Superior temporal gyrus superior RH,SomMotA,SomMotB,0.690753646313513,0.238337103044467,0.057367533925879
253,Precuneus middle,DefaultB,ContC,0.693898663866781,0.101790137680246,0.20430263512276
254,Subsplenial area,No network found,No network found,0.343445459360249,0.093901596227234,0.562650257086064
255,Inferior temporal sulcus posterior RH,DorsAttnB,DorsAttnB,0.539322725651406,0.432393192926802,0.027853033852041
256,Cingulum mid-anterior,SalVentAttnA,SalVentAttnB,0.353252584309986,0.641246094039314,0.005511908392963
257,Cerebellum VI antero-superior LH,No network found,No network found,0.847831306757181,0.098944448846168,0.052830687590619
258,Superior parietal lobule LH,SomMotA,DorsAttnB,0.502728145141038,0.277434144891594,0.189807221659297
259,Cerebellum III superior,No network found,No network found,0.501915806773092,0.044524498613341,0.453570396575193
260,Cerebellum VI posterior,No network found,No network found,0.856205297228257,0.083305408676716,0.059323385429469
261,Caudate,No network found,No network found,0.617853620587676,0.081409434237514,0.300743810719216
262,Parahippocampal gyrus anterior,VisCent,DefaultC,0.758536610988168,0.192115962127353,0.04936186199175
263,Central operculum posterior RH,SomMotA,SomMotB,0.632076769856102,0.322972516414854,0.044968601204749
264,Middle temporal gyrus mid-anterior LH,DefaultB,DefaultB,0.623726121710456,0.346474290121179,0.028554083172309
265,Fusiform gyrus posterior RH,VisCent,VisCent,0.624506346727005,0.330741876514355,0.044733658066656
266,Frontal operculum RH,SalVentAttnA,SalVentAttnB,0.530901180446031,0.440455666660845,0.028634053932673
267,Superior frontal gyrus middle LH,DefaultB,DefaultB,0.625754483434675,0.311267135097792,0.052687445083437
268,Middle temporal gyrus posterior RH,VisCent,DorsAttnA,0.651108643924455,0.297351179469924,0.050934159347981
269,Precentral gyrus inferior LH,SomMotA,SomMotB,0.577634234996484,0.337717700107883,0.069410265990766
270,Hippocampus,No network found,DefaultC,0.573093572661446,0.144210555642862,0.275500568290702
271,Paracingulate gyrus mid-anterior LH,DefaultB,DefaultA,0.64849881004775,0.257834122413218,0.09365764665461
272,Cerebellum VIIIb medial,No network found,No network found,0.659579993321872,0.293361250833091,0.047064220754749
273,Central sulcus mid-superior RH,SomMotA,SomMotA,0.365960015885506,0.607503408482651,0.026528893317071
274,Cerebellum VIIIb anterior,No network found,No network found,0.824235076381391,0.155813440584926,0.017050911058478
275,Cerebrospinal fluid (between superior frontal gyrus superior and skull),SalVentAttnA,SalVentAttnA,0.411655197447866,0.045348914989669,0.100928853783281
276,Superior parietal lobule postero-superior LH,DorsAttnB,DorsAttnA,0.510139207011827,0.302641710195943,0.130880774256455
277,Superior frontal sulcus mid-posterior RH,ContA,ContB,0.643296760968118,0.248079614730939,0.106559369137781
278,Middle occipital sulcus LH,VisCent,VisCent,0.408194206155884,0.568440970193051,0.023103754979187
279,Internal capsule posterior RH,No network found,No network found,0.198080196670596,0.676765371141128,0.125165480267268
280,Occipitotemporal gyrus posterior LH,VisCent,VisCent,0.619977765742069,0.357541864125285,0.022458456041952
281,Inferior occipital sulcus,VisCent,VisCent,0.462265609663016,0.522065473069832,0.015529911912479
282,Middle frontal gyrus anterior LH,ContA,SalVentAttnB,0.492912593600184,0.472996731955843,0.032747551257542
283,Lateral occipital cortex antero-superior RH,DorsAttnB,DorsAttnA,0.701232549183594,0.221469049940326,0.07367479083584
284,Cerebellum VI superior lateral,VisCent,VisCent,0.783960378422438,0.061951203350953,0.152941194362232
285,Cerebral peduncles,No network found,No network found,0.699195485785924,0.158728189753093,0.14207993803091
286,Occipital pole inferior,VisCent,VisCent,0.57545704756055,0.323623500390423,0.080030730486416
287,Ventromedial prefrontal cortex LH,DefaultB,DefaultA,0.650259377449781,0.220899957046682,0.128841434548328
288,Calcarine sulcus anterior,VisCent,DefaultC,0.754724658563042,0.088834561078098,0.156451825542954
289,Cerebellum Crus I posterior RH,No network found,No network found,0.833139875847216,0.111330248199017,0.051449972290045
290,Precentral sulcus mid-inferior RH,DorsAttnB,ContA,0.668325797389246,0.216221811178481,0.10428815722251
291,Dorsomedial prefrontal cortex anterior,DefaultB,DefaultB,0.661640033515344,0.13334417010477,0.200995710081525
292,Inferior temporal sulcus middle RH,DefaultB,ContB,0.473455514132106,0.510722467731834,0.015263412809661
293,Heschl’s gyrus LH,SomMotA,SomMotB,0.739166899794414,0.077014876899956,0.182796602994614
294,Middle frontal gyrus posterior RH,ContA,ContB,0.504716999903871,0.43266075399534,0.055928484666358
295,Parietal operculum LH,SomMotA,SomMotB,0.595596719869032,0.323582961808655,0.080834291408119
296,Calcarine cortex mid-posterior LH,VisCent,VisPeri,0.642014159192237,0.268351545800245,0.089635297863408
297,Postcentral sulcus superior,SomMotA,SomMotA,0.425468706684774,0.450408468678988,0.114279432311517
298,Thalamus middle ,No network found,No network found,0.728322952617048,0.248679761314684,0.022992914707487
299,Superior frontal gyrus medial middle,ContA,ContB,0.650530902452835,0.087948300646284,0.251155765322558
300,Inferior frontal gyrus posterior LH,ContA,ContA,0.629018289461255,0.29409367068283,0.072840769425304
301,Parieto-occipital sulcus middle inferior LH,VisCent,VisPeri,0.444641458934188,0.512286705054317,0.043035665913309
302,Subparietal sulcus LH,DefaultB,DefaultA,0.618259356189749,0.320517484795901,0.06122075403143
303,Internal capsule anterior limb RH,No network found,No network found,0.41716795117471,0.58030537673489,0.002523323594453
304,Precuneus mid-posterior,ContA,ContC,0.634463187301422,0.23061430267349,0.134156412592376
305,Angular gyrus superior RH,ContA,ContB,0.513809281708319,0.436975522069161,0.046391393532466
306,Central sulcus middle LH,SomMotA,SomMotA,0.501734653271051,0.398001714518458,0.09964214699362
307,Superior frontal sulcus middle,DefaultB,DefaultA,0.533816483209361,0.427211871005241,0.03894383682185
308,Globus pallidus,No network found,No network found,0.244999380634321,0.754937400555549,8.10642652832553E-05
309,Central sulcus inferior RH,SomMotA,SomMotB,0.523360625959738,0.406096989386383,0.06791887305182
310,Middle frontal gyrus middle,SalVentAttnA,SalVentAttnB,0.687215356330439,0.221572783585111,0.076681116011837
311,Cerebrospinal fluid (between supramarginal gyrus and skull LH),SalVentAttnA,DorsAttnB,0.649202703128403,0.098359854417205,0.125452934053498
312,Superior frontal gyrus middle RH,DefaultB,DefaultA,0.637942706597494,0.264647115154636,0.092756591081958
313,Corticospinal tract middle RH,No network found,No network found,0.030880591025965,0.969078185292355,5.21276033860566E-05
314,Cingulate sulcus posterior RH,SomMotA,SomMotA,0.674769738210139,0.258082319280489,0.067153248014266
315,Lateral occipital cortex superior RH,DorsAttnB,DefaultC,0.659848276260555,0.282487530196963,0.055702343426237
316,Putamen postero-inferior,No network found,No network found,0.631650614169244,0.354432197722947,0.013932491380499
317,Cerebellum horizontal fissure medial,No network found,No network found,0.794558155542287,0.103520562736538,0.082455244589247
318,Superior parietal sulcus RH,DorsAttnB,DorsAttnB,0.504635991024855,0.328893955034851,0.15682888441517
319,Calcarine cortex anterior ,VisCent,VisPeri,0.651357285923127,0.282331576991068,0.066325168616672
320,Precentral sulcus superior,SomMotA,SomMotA,0.447512050222423,0.511155640374728,0.040223644479365
321,Cuneus posterior,VisCent,VisPeri,0.557901368427594,0.256836616507747,0.159048135205365
322,Precentral sulcus inferior LH,SalVentAttnA,ContA,0.689394095285795,0.19550016592622,0.106255168966281
323,Superior longitudinal fasciculus II posterior LH,DorsAttnB,DorsAttnB,0.054186595597784,0.945334950518243,0.000485859809366
324,Superior parietal lobule postero-superior RH,DorsAttnB,DorsAttnA,0.514127050693897,0.240074573386122,0.130278246847907
325,Anterior horizontal ramus of the lateral fissure LH,DefaultB,DefaultB,0.644702889153474,0.226998299597021,0.119669884992004
326,Parieto-occipital sulcus mid-anterior RH,VisCent,DefaultC,0.356604467530866,0.624090958613369,0.019309396226174
327,Cingulate sulcus mid-anterior RH,ContA,SalVentAttnB,0.709585274077707,0.193472019608752,0.096951612473517
328,Caudate LH,No network found,No network found,0.663850303018135,0.327521439734611,0.008625616993929
329,Orbital H-shaped sulcus,LimbicA,LimbicB,0.430101457807575,0.549735835597242,0.019159054530959
330,Central operculum LH,SalVentAttnA,SalVentAttnA,0.724682333887251,0.17969412936724,0.095588440787713
331,Parieto-occipital sulcus middle,DefaultB,DefaultC,0.756567460696951,0.141943076157258,0.101496304406005
332,Putamen anterior ,No network found,No network found,0.739922193137845,0.259304117331814,0.00077910114271
333,Cerebrospinal fluid (between middle frontal gyrus and skull LH),DefaultB,DefaultB,0.556576981262182,0.031208852721233,0.132744493044416
334,Precentral gyrus mid-superior LH,SomMotA,DorsAttnB,0.537661330073788,0.108982083349943,0.155153847364534
335,Thalamus anterior ,No network found,No network found,0.346978506370218,0.653000735461307,3.64704923471496E-05
336,Posterior cingulate cortex anterior,DefaultB,ContC,0.762422142308813,0.141883176331074,0.095691284459526
337,Superior temporal gyrus posterior LH,SomMotA,TempPar,0.62710845613104,0.282363027489358,0.076883693482021
338,Central sulcus middle,SomMotA,SomMotB,0.417065086757761,0.537770248736965,0.045121355467055
339,Cerebellum IX and cerebellar peduncle ,No network found,No network found,0.669424974935454,0.212713617755715,0.110176243839488
340,Calcarine sulcus anterior RH,VisCent,VisPeri,0.646388291477757,0.288647270055125,0.064967205990903
341,Cerebellum VI medial,No network found,No network found,0.559019827700405,0.43883263646542,0.002145806345382
342,Cerebellum V superior,No network found,No network found,0.742354547088393,0.009807345046315,0.247845137349232
343,Collateral sulcus anterior ,LimbicA,LimbicA,0.697767923620559,0.262812216997307,0.038991971407754
344,Cerebellar peduncles,No network found,DefaultC,0.534487121079737,0.167068862663281,0.298366888179038
345,Cerebrospinal fluid (between middle frontal gyrus anterior and skull RH),ContA,SalVentAttnB,0.38621620848739,0.015279036170498,0.132015847934661
346,Cerebellum secondary fissure,No network found,No network found,0.829922897716896,0.127012656855062,0.041961130405388
347,Superior occipital gyrus inferior RH,VisCent,DorsAttnA,0.580849031411661,0.328452386647553,0.08941052855077
348,Central sulcus superior ,SomMotA,SomMotA,0.419256135814771,0.423744529748799,0.136052831184781
349,Inferior occipital gyrus anterior LH,DorsAttnB,ContA,0.79833741390933,0.097871395866376,0.094985094486391
350,Superior parietal lobule posterior,DorsAttnB,DorsAttnA,0.538790144972981,0.102112892854177,0.197173149402006
351,Superior temporal sulcus mid-posterior LH,DefaultB,TempPar,0.680886785707166,0.263919321165239,0.055195461719654
352,Lateral occipital cortex anterior LH,VisCent,VisCent,0.57062296629254,0.392006449864273,0.037239125301501
353,Planum polare inferior,SalVentAttnA,SomMotB,0.637437102025434,0.097732737015659,0.264764023915487
354,Paracingulate gyrus anterior LH,DefaultB,DefaultA,0.648713962964501,0.25244509893789,0.098844916874337
355,Paracingulate sulcus posterior,SalVentAttnA,SalVentAttnA,0.608255380292703,0.312893602942088,0.078839843403466
356,Inferior frontal gyrus anterior LH,ContA,ContB,0.62272955885296,0.096846150503168,0.118054597806177
357,Angular sulcus inferior LH,DefaultB,DefaultB,0.661949134665495,0.281876338378977,0.055868031586833
358,Subparietal sulcus RH,DefaultB,DefaultA,0.662419714143131,0.285201967373497,0.052371274730429
359,Circular sulcus of the insula anterior,ContA,SalVentAttnB,0.745153516806073,0.174971311007516,0.079886765643823
360,Middle temporal gyrus mid-anterior RH,DefaultB,DefaultA,0.784772705649861,0.108999099089181,0.101518422583824
361,Cerebrospinal fluid (between intraparietal sulcus and skull LH),ContA,ContA,0.462381659036613,0.040588146060298,0.141427010509491
362,Precuneus posterior ,ContA,ContC,0.615980827051768,0.058670969239074,0.284713963485082
363,Inferior occipital gyrus posterior LH,VisCent,VisCent,0.660756390291565,0.179278278350899,0.139174252666549
364,Lingual gyrus inferior,VisCent,VisPeri,0.597455116570975,0.051943623813315,0.349769839809854
365,Angular gyrus postero-inferior LH,DefaultB,DefaultA,0.642689753868852,0.266688971952375,0.080936469938261
366,Inferior frontal gyrus anterior RH,ContA,SalVentAttnB,0.620740443845775,0.246733811818948,0.080758982990407
367,Paracingulate sulcus mid-posterior,SalVentAttnA,SalVentAttnB,0.631012275935514,0.157790048151102,0.211119848100309
368,Frontomarginal gyrus LH,ContA,ContB,0.53137223998401,0.41913068427364,0.04501071614904
369,Middle occipital sulcus RH,VisCent,VisCent,0.516774831320121,0.451391568338765,0.031786487923769
370,Inferior occipital gyrus RH,VisCent,VisCent,0.720701001393287,0.201357093040152,0.076619190948407
371,Inferior frontal sulcus anterior RH,ContA,ContB,0.456168221043568,0.519374467757284,0.021679190723687
372,Postcentral sulcus inferior LH,SalVentAttnA,DorsAttnB,0.427870142417146,0.543308937040815,0.028716544657739
373,Middle temporal gyrus postero-inferior LH,ContA,ContA,0.750597494519538,0.189869613140642,0.051308147038527
374,Superior parietal sulcus superior ,DorsAttnB,DorsAttnB,0.477290242802482,0.400377703771584,0.11421832270481
375,Cerebellum VI lateral RH,No network found,No network found,0.827936356999839,0.029926958468864,0.13026312613119
376,Cerebellum V RH,No network found,No network found,0.806715399687604,0.018473246156348,0.174373025350319
377,Internal capsule middle LH,No network found,No network found,0.161609966681886,0.838081222986189,0.000324275497903
378,Cingulate sulcus antero-inferior ,DefaultB,DefaultA,0.685083599598263,0.247569107672055,0.067349286784682
379,Middle temporal gyrus middle anterior LH,DefaultB,DefaultB,0.570880028385688,0.400135097921765,0.028414868106279
380,Cerebrospinal fluid (between central sulcus and skull LH),SomMotA,SomMotA,0.381759094440653,0.112889783474902,0.14845100982909
381,Cerebellum VI,No network found,No network found,0.332363009916599,0.667599608166673,5.05614823647583E-05
382,Cerebrospinal fluid (between central sulcus and skull RH),SalVentAttnA,SalVentAttnA,0.503997464653578,0.062280663099843,0.154706752978457
383,Corona radiata anterior LH,No network found,No network found,0.012738876988176,0.987111618591321,0.000155677063157
384,Superior occipital sulcus superior RH,DorsAttnB,ContA,0.611188734250053,0.242836119151525,0.141088397713428
385,Intermediate primus of Jensen LH,ContA,ContB,0.592482924256124,0.293059223994833,0.105852296273784
386,Lateral occipital cortex antero-superior LH,DorsAttnB,DorsAttnA,0.595836471561,0.346464024169743,0.056838954399988
387,Supramarginal gyrus inferior RH,SalVentAttnA,SalVentAttnA,0.694690408355346,0.137963821975276,0.111625260648706
388,Insula antero-superior LH,SalVentAttnA,SalVentAttnB,0.566232170885399,0.401486349786013,0.032290210509584
389,Callosomarginal sulcus mid-inferior,SalVentAttnA,SomMotA,0.739794116018247,0.04818409317567,0.212028642233719
390,Insula postero-inferior,SalVentAttnA,SomMotB,0.658780280361628,0.233787546792198,0.107449524142508
391,Middle temporal gyrus middle RH,DefaultB,DefaultB,0.749879807286169,0.17096573495209,0.070381330019298
392,Retrosplenial cortex inferior,No network found,DefaultC,0.252186440196325,0.002791468955469,0.745023430257075
393,Suborbital sulcus,No network found,No network found,0.060348741225047,0.938503024618132,0.001079244645271
394,Cingulate sulcus anterior RH,DefaultB,DefaultA,0.592935383060528,0.361656694259112,0.045422955458367
395,Precuneus postero-superior ,DorsAttnB,ContC,0.597592143193898,0.259232537850861,0.118290577690764
396,Superior longitudinal fasciculus I posterior,No network found,No network found,0.037551508309326,0.962035269511372,0.000429462998019
397,Middle frontal gyrus anterior lateral LH,ContA,SalVentAttnB,0.617441986311061,0.226190938043064,0.078022188017461
398,Cerebrospinal fluid (between callosomarginal sulcus and skull RH),DorsAttnB,DorsAttnB,0.46593852094418,0.091806148196909,0.197203754145849
399,Angular sulcus superior RH,ContA,ContB,0.654457534711739,0.255050753855985,0.072453443728528
400,Collateral sulcus middle,VisCent,DefaultC,0.705735284480881,0.271804550972346,0.022475349732826
401,Pars opercularis LH,ContA,DefaultB,0.513648885545409,0.453584537039744,0.031206147523951
402,Superior temporal gyrus middle LH,SomMotA,TempPar,0.607989024031669,0.353509951580489,0.031382715303882
403,Occipitotemporal sulcus posterior LH,DorsAttnB,DorsAttnA,0.532133841769802,0.449318252062629,0.018545828356501
404,Cerebellum Crus I posterior,No network found,No network found,0.653874449963843,0.027150725646829,0.253631860579715
405,Lateral fissure posterior limb RH,SomMotA,SomMotB,0.717559913851677,0.094146473419759,0.168661628363398
406,Caudate nucleus ,No network found,No network found,0.781939592705367,0.198546804497487,0.019521266199922
407,Lateral ventricles posterior horns,No network found,No network found,0.295096276480278,0.334489048046542,0.370429541909034
408,Callosal sulcus mid-posterior,ContA,ContC,0.239608103364081,0.756429634789414,0.003971385344881
409,Supramarginal gyrus antero-inferior LH,SalVentAttnA,SalVentAttnA,0.734902223280704,0.148585590657554,0.113466496212718
410,Callosomarginal sulcus superior,SomMotA,SomMotA,0.554547265746975,0.176476320135777,0.26894601414118
411,Angular gyrus antero-inferior LH,DefaultB,TempPar,0.653302325597686,0.099318527937882,0.145732425421752
412,Superior parts of central and postcentral sulci LH,SomMotA,SomMotA,0.464630064268237,0.402063072804366,0.126691524711886
413,Precuneus RH,DorsAttnB,ContC,0.629216737375089,0.235625944365095,0.134070115333752
414,Superior parts of central and postcentral sulci RH,SomMotA,SomMotA,0.402074799782127,0.513207622656277,0.081574894756567
415,Thalamus LH,No network found,No network found,0.34208069979586,0.656572569283283,0.001351310886794
416,Angular gyrus postero-superior LH,DefaultB,DefaultC,0.605252844343013,0.218319472046175,0.11196962345153
417,Paracentral lobule superior,SomMotA,SomMotA,0.551010112292127,0.204914421689188,0.24181066029314
418,Angular gyrus posterior RH,DefaultB,DefaultC,0.691925659098431,0.21616450501433,0.082174832592938
419,Calcarine sulcus posterior medial,VisCent,VisPeri,0.664175454668154,0.209709227327198,0.124406598990996
420,Paracingulate sulcus posterior LH,SalVentAttnA,SalVentAttnA,0.619086874071732,0.126849568558866,0.251048069118789
421,Thalamus medial,No network found,No network found,0.668320388665831,0.101603078778398,0.230073416241044
422,Fusiform gyrus middle inferior RH,VisCent,VisCent,0.829198367776375,0.068176169392687,0.102630526392072
423,Caudate nucleus tail,No network found,No network found,0.41604406531591,0.153042690117071,0.430916501872957
424,Parieto-occipital sulcus postero-inferior RH,VisCent,VisPeri,0.509165389786312,0.393844627595082,0.096770897102397
425,Cerebellum Crus I superior,VisCent,VisCent,0.733217351847791,0.033554847556925,0.226859015827639
426,Temporal pole RH,LimbicA,DefaultB,0.768033999096956,0.140726292814256,0.067907968154887
427,Lingual gyrus anterior,VisCent,VisPeri,0.709260472732854,0.042417435711775,0.248332126678198
428,Cerebrospinal fluid (between postcentral gyrus and skull),SomMotA,SomMotA,0.259888852638547,0.06809475106236,0.084048753909588
429,Cerebellum Crus II RH,No network found,No network found,0.744744197273914,0.22271095521944,0.032034283199038
430,Corpus callosum anterior body,No network found,No network found,0.16581134324164,0.444593938765794,0.389593452767983
431,Superior occipital gyrus RH,VisCent,VisCent,0.696967763913929,0.20124333476016,0.090866670425665
432,Subparietal sulcus inferior LH,DefaultB,DefaultA,0.643890631850438,0.294685988032644,0.061419274403088
433,Intraparietal sulcus mid-posterior RH,DorsAttnB,DorsAttnA,0.46045535731793,0.447256783156856,0.091765311839765
434,Hippocampus posterior,No network found,No network found,0.296411788881955,0.271511513499745,0.432076676791571
435,Cuneus anterior,VisCent,VisPeri,0.693141513440037,0.203611906258486,0.103236410330871
436,Precuneus antero-superior,DorsAttnB,DorsAttnB,0.607688617209916,0.137941024841326,0.252463421238718
437,Central sulcus inferior,SomMotA,SomMotB,0.54418060630338,0.389950198446704,0.065886179825127
438,Central sulcus mid-inferior RH,SomMotA,SomMotB,0.51069548853799,0.411591126673627,0.077340008272168
439,Precentral sulcus inferior RH,DorsAttnB,ContA,0.688999118830192,0.197358833808704,0.107619481812249
440,Superior longitudinal fasciculus I,No network found,DorsAttnB,0.05312335041757,0.946630694095768,0.000249174597988
441,Middle frontal gyrus anterior medial RH,SalVentAttnA,SalVentAttnB,0.538547302891578,0.431870295459631,0.028998575582676
442,Cerebellum Crus I posterior LH,No network found,No network found,0.849412136535139,0.058036710730199,0.0853893623747
443,Superior temporal sulcus middle LH,DefaultB,TempPar,0.808436575934326,0.100397855748827,0.090620991930897
444,Cerebrospinal fluid (between intraparietal sulcus and skull RH),ContA,ContB,0.605302742492284,0.071515578931416,0.147612005821511
445,Forceps minor RH,No network found,ContB,0.078848799240174,0.92036651865656,0.00078933176009
446,Forceps major,No network found,No network found,0.157852286806594,0.837706165017523,0.004437783945578
447,Superior temporal sulcus middle-inferior RH,DefaultB,TempPar,0.637254453062561,0.311489273043506,0.051234159819665
448,Lingual gyrus mid-anterior LH,VisCent,VisPeri,0.689534795335457,0.270938456424708,0.039544801763101
449,Middle frontal gyrus mid-posterior lateral LH,ContA,ContB,0.598892298412508,0.308317877233999,0.072132547215514
450,Cerebellum superior posterior fissure LH,No network found,No network found,0.821439005107255,0.147359868828808,0.031011076248442
451,Fusiform gyrus middle RH,VisCent,VisCent,0.640199592640895,0.32592680013401,0.033874669639893
452,Medulla oblongata superior,No network found,No network found,0.527587286853682,0.353548409881588,0.118853925705589
453,Superior occipital gyrus superior RH,DorsAttnB,DorsAttnA,0.553118424747411,0.201439603569358,0.195756496283239
454,Superior longitudinal fasciculus III posterior RH,No network found,No network found,0.020325473652683,0.979554971907913,0.000129973521425
455,Frontomarginal sulcus,LimbicA,LimbicB,0.606495087901957,0.316538491050857,0.055191619653514
456,Superior longitudinal fasciculus III middle RH,No network found,No network found,0.093262295415725,0.889663131800952,0.017070124944461
457,Inferior frontal sulcus mid-anterior LH,ContA,ContA,0.638708337166122,0.253342898895317,0.079257395557562
458,Cerebrospinal fluid (between superior frontal gyrus middle superior and skull),DefaultB,DefaultB,0.492972393620705,0.021097743204529,0.141287349973487
459,Central sulcus LH,SomMotA,SomMotB,0.570922965975253,0.334189911511792,0.084858147113721
460,Intraparietal sulcus posterior RH,DorsAttnB,DorsAttnA,0.475384986261501,0.450622762250422,0.070861131278991
461,Precuneus inferior ,DefaultB,DefaultA,0.740305406554482,0.100671614769916,0.159028367562668
462,Heschl’s gyrus RH,SomMotA,SomMotB,0.721826532204189,0.101101650455385,0.15189137379231
463,Intraparietal sulcus posterior LH,ContA,ContA,0.5215564810239,0.397087960066295,0.078642221739762
464,Lateral ventricles anterior horns,No network found,No network found,0.29551908450735,0.026924289950552,0.677562317095831
465,Cerebrospinal fluid (between postcentral sulcus and skull RH),SomMotA,SomMotA,0.471512225944388,0.190942742547145,0.140548512806151
466,Central sulcus superior LH,SomMotA,SomMotA,0.420234934564179,0.492108409719854,0.085594344301294
467,External capsule middle LH,SalVentAttnA,SalVentAttnA,0.739448773163508,0.249987936732626,0.010578426145436
468,Putamen RH,No network found,No network found,0.501976765284233,0.497826724476481,0.000199583725553
469,Cerebrospinal fluid (between superior parietal lobule posterior and skull RH),DorsAttnB,DorsAttnA,0.499255539246002,0.088511001814567,0.159335485769701
470,Insula superior,SalVentAttnA,SalVentAttnA,0.80171038961201,0.11867454271766,0.074126405229007
471,Heschl’s gyrus posterior RH,SomMotA,SomMotB,0.673933044451787,0.222210760611884,0.103847151464012
472,Optic radiation RH,No network found,No network found,0.045413110591068,0.953175946894802,0.001402131838903
473,Anterior parts of occipitotemporal and collateral sulci LH,LimbicA,LimbicA,0.548879512318621,0.413961492592672,0.036462352672553
474,Cingulate sulcus mid-posterior ,SalVentAttnA,SalVentAttnA,0.575068576621242,0.39891189136416,0.026023867931468
475,Middle frontal sulcus mid-anterior LH,ContA,SalVentAttnB,0.465215083273793,0.51097773914622,0.022272308622649
476,Ventromedial prefrontal cortex posterior,LimbicA,LimbicB,0.654061238658695,0.276824701550444,0.069125900542807
477,Cerebrospinal fluid (between superior parietal lobule and skull LH),DorsAttnB,DorsAttnB,0.38307827597436,0.067755070465853,0.139073709938308
478,Cerebellum VI posterior LH,VisCent,VisCent,0.870035355454034,0.041043692203695,0.088939629653879
479,Ventromedial prefrontal cortex anterior,DefaultB,LimbicB,0.58666723944021,0.268300783134345,0.14398180612873
480,Putamen postero-superior,No network found,No network found,0.526602683036014,0.473234967083669,0.000174242790524
481,Cerebellum VI  LH,No network found,No network found,0.889806951141074,0.096225435636139,0.013976183871119
482,Cerebellum Crus I superior RH,No network found,No network found,0.846046891825756,0.041444329559747,0.110223028061695
483,Superior longitudinal fasciculus III anterior RH,No network found,No network found,0.011785379992688,0.987998279197402,0.000214055569158
484,Midbrain inferior,No network found,No network found,0.57970889709305,0.381526465968247,0.038767643510331
485,Postcentral gyrus middle RH,DorsAttnB,DorsAttnB,0.434808410965663,0.058363859539169,0.216578989532229
486,Paracingulate sulcus mid-posterior RH,ContA,ContB,0.545644230541229,0.387044638718904,0.066861597804658
487,Fusiform gyrus posterior LH,VisCent,VisCent,0.558699848973228,0.412256164361628,0.029052175686627
488,Hippocampus middle,No network found,No network found,0.617027965725684,0.331789855397956,0.051197697633523
489,Corpus callosum rostrum,LimbicA,LimbicB,0.638601159707462,0.274693367236673,0.085747477140504
490,Orbitofrontal cortex,ContA,LimbicB,0.617487692860734,0.34287707348226,0.039377707657132
491,Cerebellum Crus II medial RH,No network found,No network found,0.630457316282877,0.361532947638091,0.008016378394863
492,Cerebellum IV superior,No network found,No network found,0.875831066262452,0.072096838496983,0.052055529953554
493,Cingulate sulcus posterior LH,SomMotA,SomMotA,0.688177235997627,0.25762509463299,0.054196739229486
494,Superior parietal lobule superior,DorsAttnB,DorsAttnB,0.581831955965078,0.232739876206277,0.172431370319057
495,Lingual gyrus middle RH,VisCent,VisPeri,0.540080687591049,0.43640649994289,0.023518655829109
496,Corpus callosum isthmus posterior,No network found,ContC,0.058457627591215,0.94112629446726,0.000417148584726
497,Precuneus superior,DorsAttnB,ContC,0.532624010336373,0.029299428653494,0.270372263990923
498,Inferior occipital gyrus posterior RH,VisCent,VisCent,0.638697870153968,0.292218295950194,0.065387677194433
499,Callosomarginal sulcus inferior,SalVentAttnA,SalVentAttnA,0.602679428018752,0.356261624642741,0.041069822626737
500,Superior frontal sulcus posterior RH,DorsAttnB,DorsAttnB,0.615499123957035,0.264516355334246,0.116286209370885
501,Inferior fronto-occipital fasciculus posterior LH,No network found,No network found,0.214325733885662,0.605483006719604,0.180191494660323
502,Central sulcus mid-superior ,SomMotA,SomMotA,0.470216357880989,0.407373206949095,0.122328575650963
503,Cerebrospinal fluid (between inferior frontal sulcus and skull LH),ContA,ContA,0.524210152157902,0.052491900512217,0.172495322022257
504,Cerebellum Crus I anterior LH,No network found,No network found,0.681471887745292,0.304613042851525,0.013364417747608
505,Central operculum anterior RH,SalVentAttnA,SomMotB,0.342846301600425,0.644569070658338,0.012590637491847
506,Corpus callosum splenium,No network found,No network found,0.174880942821069,0.442820412625725,0.382315373924695
507,Superior occipital sulcus RH,DorsAttnB,DorsAttnA,0.494671495357959,0.458875999216002,0.04646675467318
508,Superior temporal gyrus superior LH,SomMotA,SomMotB,0.730429310174086,0.04601616788965,0.178493725776249
509,Middle temporal gyrus mid-posterior LH,SalVentAttnA,TempPar,0.691444654197872,0.205172354111527,0.078883626088209
510,Insula postero-inferior RH,SalVentAttnA,SalVentAttnA,0.838882599743792,0.139671923383368,0.021460773610261
511,Parieto-occipital sulcus middle LH,DefaultB,ContC,0.742030124924314,0.087003423616149,0.17094790853759
512,Precentral sulcus superior RH,DorsAttnB,DorsAttnB,0.622743322024294,0.314314770891304,0.062787498726087
