Component,Difumo_names,Yeo_networks7,Yeo_networks17,GM,WM,CSF
1,Middle frontal gyrus lateral LH,ContA,ContB,0.6249334882970624,0.2629568129345495,0.09151922403513076
2,Middle frontal gyrus anterior,SalVentAttnA,SalVentAttnB,0.6172681361634568,0.33569517069867244,0.046547644650917055
3,Superior occipital gyrus,VisCent,VisCent,0.5740859611922293,0.3395396289648551,0.08474085692480231
4,Frontal pole lateral RH,ContA,ContB,0.6275589583954643,0.17317645504240795,0.09159240116529574
5,Superior precentral and postcentral sulci anterior,SomMotA,SomMotA,0.4850103873162915,0.3857014626584191,0.12426923572165872
6,Posterior cingulate cortex antero-inferior,ContA,ContC,0.6206735576632921,0.29741053891594915,0.08192813817295197
7,Intraparietal sulcus posterior LH,ContA,ContA,0.5425703693867002,0.3095907371299591,0.12142168498000587
8,Parieto-occipital sulcus central,VisCent,VisPeri,0.6786785922703577,0.2083789597105318,0.11294342257344425
9,Superior frontal sulcus,DefaultB,DefaultA,0.6525477259122376,0.2663185991100786,0.08022933889831567
10,Ventromedial prefrontal cortex,DefaultB,DefaultA,0.6849462327195833,0.2291541675242647,0.08589010651412665
11,Cerebellum Crus I posterior,No network found,No network found,0.7718733602984958,0.0412887899357006,0.15504598052875607
12,Lingual gyrus posterior,VisCent,VisPeri,0.6429318579564329,0.30976897261646674,0.047318108676313565
13,Lateral occipital cortex superior,VisCent,DorsAttnA,0.6138555955281174,0.31177899644498186,0.06550706829178565
14,Lateral frontal pole,ContA,ContB,0.6539553099888106,0.2397448338319137,0.08311618103227883
15,Precentral gyrus inferior,SomMotA,SomMotB,0.6252913020812426,0.24909244327837946,0.09043951593322476
16,Precuneus superior,DorsAttnB,DorsAttnB,0.5371058414616156,0.04563478207853685,0.2755990493728864
17,Parieto-occipital sulcus postero-superior,VisCent,VisPeri,0.5324884641921059,0.3495211441425665,0.11673540577786347
18,Postcentral gyrus RH,SomMotA,SomMotA,0.4938260910212469,0.3866802206169691,0.11588358847685792
19,Cingulate cortex mid-anterior,SalVentAttnA,SalVentAttnB,0.7561073203258339,0.08840640883190397,0.1554890390368958
20,Cerebrospinal fluid (superior of Central sulcus),SomMotA,SomMotA,0.3668554748974784,0.08264812995190146,0.14514777661968145
21,Angular gyrus superior RH,ContA,ContB,0.5844572160318771,0.2979057287895159,0.07326777229185441
22,Cerebellum Crus I anterior,No network found,No network found,0.7998450878716895,0.16892966748594931,0.031014071338797036
23,Superior temporal gyrus middle,SomMotA,SomMotB,0.7284055740928113,0.07716903526833539,0.16889006621474334
24,Angular gyrus posterior,DefaultB,DefaultC,0.6840910125292052,0.19498509856619156,0.09390342130969116
25,Lateral occipital cortex inferior,VisCent,DorsAttnA,0.6599088118737765,0.2686552399684988,0.06392022270243851
26,Middle temporal gyrus RH,DefaultB,DefaultB,0.7012833412126906,0.2267349613136408,0.0699515735849639
27,Cerebellum VI anterior,No network found,No network found,0.6643346802478561,0.3284471412345614,0.0071687269356094825
28,Cerebellum VI superior,VisCent,VisCent,0.7845363699123581,0.01659945729172756,0.1964513019483844
29,Angular gyrus anterior RH,ContA,SalVentAttnB,0.605907496781416,0.3147878085055473,0.06181438457305762
30,Cerebrospinal fluid (between anterior part of superior frontal gyrus and skull),DefaultB,DefaultB,0.4065138970211892,0.009394762582971766,0.13059967278478118
31,Parahippocampal gyrus,VisCent,DefaultC,0.8046775327721223,0.1240085830867814,0.07132777881539204
32,Inferior frontal gyrus anterior LH,ContA,ContA,0.663216265669077,0.21269976568239995,0.08504607031149909
33,Posterior cingulate cortex,DefaultB,DefaultA,0.7100070652896109,0.17778425563335992,0.11208343685235513
34,Occipitotemporal gyrus posterior,DorsAttnB,DorsAttnA,0.784051579224019,0.09864238177298554,0.1110562419937348
35,Dorsomedial prefrontal cortex antero-superior,DefaultB,DefaultA,0.6710166269306391,0.14328086139566354,0.1788859994931898
36,Superior frontal gyrus posterior,DorsAttnB,ContA,0.638734236884122,0.22497503431054,0.13054097648575186
37,Supramarginal gyrus LH,SalVentAttnA,SalVentAttnA,0.659980929060199,0.22241858271981055,0.09385572392397028
38,Superior precentral and postcentral sulci posterior,SomMotA,SomMotA,0.4967273504686648,0.3188045001906093,0.17376282417879302
39,Cerebrospinal fluid (between occipital pole and cerebellum),VisCent,VisCent,0.6673771662682331,0.16774483561856654,0.14430123732225364
40,Paracingulate gyrus middle,ContA,ContB,0.6835694401861321,0.08665054485000417,0.22906853163747795
41,Fusiform gyrus anterior,VisCent,VisPeri,0.7330818146413621,0.2164451282158626,0.0504803315635062
42,Middle temporal gyrus LH,DefaultB,DefaultB,0.6648620077311642,0.2857040732810967,0.04333191246400125
43,Postcentral gyrus superior LH,SomMotA,SomMotA,0.4524188107081391,0.44323966995695774,0.09702904800390386
44,Angular gyrus superior,DefaultB,ContB,0.5931661628827789,0.18379009262625406,0.10804440820577284
45,Calcarine sulcus anterior,VisCent,VisPeri,0.6711211116753707,0.24694907188529475,0.08194625491152596
46,Intraparietal sulcus RH,DorsAttnB,ContA,0.5602574175392656,0.34093171084690305,0.09743052656571494
47,Inferior occipital sulcus,VisCent,VisCent,0.5343510807586154,0.4413417461653341,0.024282530773378944
48,Postcentral sulcus inferior LH,DorsAttnB,DorsAttnB,0.5959435924392966,0.3315311334883025,0.06455671758490654
49,Insula center and lateral fissure,SalVentAttnA,SalVentAttnA,0.7691697610875735,0.17541624516739945,0.05493832929152314
50,Superior parietal lobule posterior,DorsAttnB,DorsAttnA,0.5040516182179391,0.3837011408865011,0.10468908816461232
51,Cerebrospinal fluid (between superior part of superior frontal gyrus and skull),SalVentAttnA,SalVentAttnA,0.5149801317565059,0.045481887602348336,0.17278817015130055
52,Posterior cingulate cortex inferior,DefaultB,DefaultA,0.7275751306748456,0.14528538643326708,0.12713186491893422
53,Inferior frontal sulcus RH,ContA,ContA,0.6656533472022886,0.21449496406230686,0.09279916861727618
54,Planum temporale LH,SomMotA,SomMotB,0.6559877023312427,0.2306336889831357,0.1123996037317312
55,Cerebellum superior posterior fissure,No network found,No network found,0.7892969941653498,0.15674560615790006,0.05181262722316929
56,Intraparietal sulcus anterior LH,ContA,ContA,0.5864780137217231,0.3074526267406837,0.10000740249643697
57,Hippocampal fissure,No network found,DefaultC,0.6560123054859143,0.14570355171093688,0.19828364708502205
58,Dorsomedial prefrontal cortex anteromedial,DefaultB,DefaultB,0.6708426989673694,0.12190580088878793,0.2036099240150356
59,Callosomarginal sulcus inferior,SomMotA,SomMotA,0.6753889431566629,0.08713992708850771,0.23748885907112255
60,Paracentral lobule,SomMotA,SomMotA,0.5675516661601991,0.18459375803576772,0.24708899545750865
61,Parieto-occipital sulcus anterior,DefaultB,DefaultC,0.7411447162920726,0.18073375367354585,0.07811800892589829
62,Central sulcus,SomMotA,SomMotB,0.5583820559601365,0.3750069212080485,0.06547837539704461
63,Posterior cingulate cortex superior,DefaultB,ContC,0.7433025964858341,0.1539522599632359,0.10274592103281208
64,Lateral fissure anterior,SalVentAttnA,SalVentAttnA,0.7087577170325804,0.01828753665842976,0.2509711400878555
65,Inferior temporal gyrus posterior,DorsAttnB,DorsAttnA,0.6898074596892821,0.26954753576695184,0.04031797048893609
66,Cerebrospinal fluid (between Parieto-occipital sulcus and skull),DorsAttnB,ContC,0.5493526605870347,0.0931538127496604,0.21285201444583168
67,Insula antero-superior,SalVentAttnA,SalVentAttnB,0.7579219607330759,0.1582253481430127,0.07848779042249678
68,Planum temporale RH,SomMotA,SomMotB,0.6792776104495787,0.2177876758860699,0.10185690877400827
69,Anterior cingulate cortex,DefaultB,DefaultA,0.7690775575566714,0.09707252963180008,0.13385530209787191
70,Cerebrospinal fluid (between central sulcus and skull),SomMotA,SomMotA,0.4058791102026632,0.13376606352560785,0.14825730341285054
71,Thalamus,No network found,No network found,0.6444126277335034,0.3432023752161463,0.012378121975608005
72,Calcarine cortex posterior,VisCent,VisPeri,0.6289374014374359,0.26666371248521586,0.103056401930906
73,Superior occipital sulcus,DorsAttnB,DorsAttnA,0.5954121471770492,0.3138375184305879,0.0903507324587609
74,Postcentral sulcus superior,SomMotA,DorsAttnB,0.5571687396078571,0.24754761980161905,0.1692482586247696
75,Cuneus,VisCent,VisPeri,0.5395301544506974,0.3768283087948077,0.0818021933337298
76,Precentral sulcus inferior LH,DorsAttnB,ContA,0.6499540157338471,0.24122781732390355,0.08972095856109166
77,Superior parietal sulcus,DorsAttnB,DorsAttnA,0.4900521926949017,0.3864222006238864,0.11849993026802665
78,Cuneus superior,VisCent,VisPeri,0.5705649623656457,0.26166390774792225,0.13267701010468036
79,Pars triangularis,DefaultB,DefaultB,0.6681772121711509,0.15210159669460485,0.15557982761236067
80,Superior temporal sulcus LH,DefaultB,TempPar,0.7773101613102392,0.13242937075972572,0.08857146594049785
81,Intraparietal sulcus anterior RH,ContA,ContB,0.5814295247665452,0.2758521136258508,0.10976740975221554
82,Cerebellum IV and V,No network found,No network found,0.8347988894792272,0.03265318598865912,0.13246585536737884
83,Precentral sulcus superior,DorsAttnB,DorsAttnB,0.6390047664934182,0.2803113352731543,0.07980952785054175
84,Precentral gyrus superior,SomMotA,SomMotB,0.5630858887435135,0.3250753441482401,0.10346713396653484
85,Calcarine cortex anterior,VisCent,VisPeri,0.6834720508503801,0.21531124208717325,0.1012238040016222
86,Cerebrospinal fluid (between parietal lobe and skull),DorsAttnB,DorsAttnA,0.4681596548645794,0.08223739935564704,0.1678679336090832
87,Internal capsule,No network found,No network found,0.16775988525626326,0.7467478823102524,0.08549960946147972
88,Lunate sulcus,VisCent,VisCent,0.5327386900588621,0.4271869146869611,0.038673748802987885
89,Superior parietal lobule anterior,DorsAttnB,DorsAttnB,0.5144644597142685,0.35330921128381865,0.12529628040302673
90,Superior frontal sulcus anterior,DefaultB,DefaultB,0.6386148358807815,0.29582137854574586,0.060335008825373015
91,Lingual gyrus,VisCent,VisPeri,0.6955689225590712,0.06336960391954749,0.24105077464930816
92,Precuneus anterior,DorsAttnB,ContC,0.6522971665332297,0.1809888440276284,0.16669781028967492
93,Cerebrospinal fluid (between middle frontal gyrus and skull),ContA,SalVentAttnB,0.5541500852828637,0.04475312434990642,0.12364090885324365
94,Caudate,No network found,No network found,0.6392952766606382,0.2334885954036746,0.127229211327256
95,Retrosplenial cortex,No network found,DefaultC,0.3274429959211275,0.05375863460664148,0.6188035236589873
96,Cerebellum Crus II,No network found,No network found,0.8257073108892894,0.12028131337598813,0.051448689674268466
97,Thalamus and globus pallidus,No network found,No network found,0.5331032586699517,0.4575641541115524,0.009343217832330048
98,Putamen anterior,No network found,No network found,0.6712556623011179,0.3248566818995024,0.0038929336243522634
99,Planum porale,SalVentAttnA,SomMotB,0.6853090236721311,0.06345006064346695,0.2511953569687018
100,Subcallosal cortex,No network found,No network found,0.6829228178697409,0.19625699601495805,0.12082835354304945
101,Superior frontal sulcus anterior LH,DefaultB,DefaultB,0.6423921902273227,0.1324176493370131,0.12367429757247755
102,Paracingulate gyrus postero-inferior,SomMotA,SomMotA,0.6904276752345722,0.134566746833844,0.1749160439077286
103,Occipital pole superior,VisCent,VisCent,0.5077653541759434,0.3647570837691678,0.09386332583929934
104,Inferior frontal sulcus posterior RH,ContA,ContA,0.6589428902969069,0.22860797474866945,0.10092032308391848
105,Cingulate sulcus posterior,SalVentAttnA,SalVentAttnA,0.7234499282286607,0.21085527298454654,0.06570461750083921
106,Middle frontal gyrus RH,ContA,ContB,0.5554368172982183,0.07872438972846225,0.1336230508765603
107,Insula anterior,SalVentAttnA,SalVentAttnB,0.7771076655703467,0.13464339089066332,0.08825052398807533
108,Inferior occipital gyrus,VisCent,VisCent,0.7160433809909329,0.19605749937293726,0.0803199679171735
109,Central operculum cortex,SomMotA,SomMotB,0.7802733572722529,0.08913094141178106,0.13059295838771198
110,Angular gyrus inferior,DefaultB,DefaultA,0.6717813810724009,0.23642217444198435,0.07701417500475963
111,Intracalcarine cortex,VisCent,VisPeri,0.5838689458423073,0.3302999922219744,0.08582473631246493
112,Postcentral sulcus RH,DorsAttnB,DorsAttnB,0.617020292440078,0.26318236991944416,0.11820185224760202
113,Cerebellum VI,No network found,No network found,0.9092457567719876,0.04058058430803276,0.05011872222296522
114,Supramarginal gyrus anterior RH,SalVentAttnA,SalVentAttnA,0.6313173956541509,0.262055944379522,0.0810963860269317
115,Cerebellum IV and middle cerebellar peduncle,No network found,No network found,0.6945442434100427,0.2713913805072778,0.034090590126194927
116,Occipital pole inferior,VisCent,VisCent,0.5370406586604873,0.37776628140526375,0.06916473049474234
117,Ventromedial prefrontal cortex anterior,DefaultB,DefaultA,0.6427042640849758,0.13674463838805578,0.20456654784536935
118,Parieto-occipital sulcus antero-superior,ContA,ContC,0.6191591459030761,0.2676793783025129,0.11276566215252153
119,Paracingulate gyrus postero-superior,SalVentAttnA,SalVentAttnA,0.6386296138577564,0.12031398238776154,0.2376255358973219
120,Fusiform gyrus,VisCent,VisCent,0.7502965492146344,0.17511117183879218,0.07460635860478043
121,Precuneus posterior,ContA,ContC,0.6554477843191642,0.17199882292586358,0.1689905176135187
122,Angular gyrus LH,SalVentAttnA,TempPar,0.6942630012932924,0.20852037685374056,0.08002703154567749
123,Inferior frontal sulcus LH,ContA,ContA,0.625355944238902,0.24810076034891404,0.09413626235669777
124,Putamen posterior,No network found,No network found,0.4855206097127458,0.5143926087571478,9.963199955514796e-05
125,Postcentral gyrus middle,DorsAttnB,DorsAttnB,0.4163009425237151,0.06967746020231876,0.19590753623797347
126,Superior temporal sulcus posterior RH,DefaultB,TempPar,0.7293668783348131,0.19979343215160106,0.06806136951727128
127,Lateral ventricles superior,No network found,No network found,0.5224817455439423,0.25942820962991503,0.2181001755366375
128,Angular gyrus RH,DorsAttnB,TempPar,0.6565187696845051,0.28602965199992264,0.05536610354583897
